{"cameraMode":{"drawMode":0,"name":"Shaded","section":"Shading Mode"},"sceneLighting":true,"audioPlay":false,"sceneViewState":{"m_AlwaysRefresh":false,"showFog":true,"showSkybox":true,"showFlares":true,"showImageEffects":true,"showParticleSystems":true,"showVisualEffectGraphs":true,"m_FxEnabled":true},"in2DMode":false,"pivot":{"x":-20.972787857055665,"y":5.13882303237915,"z":-37.36674118041992},"rotation":{"x":0.11455920338630676,"y":0.20413337647914887,"z":-0.024017993360757829,"w":0.9719984531402588},"size":0.9036039710044861,"orthographic":false}