{"cameraMode":{"drawMode":0,"name":"Shaded","section":"Shading Mode"},"sceneLighting":true,"audioPlay":false,"sceneViewState":{"m_AlwaysRefresh":false,"showFog":true,"showSkybox":true,"showFlares":true,"showImageEffects":true,"showParticleSystems":true,"showVisualEffectGraphs":true,"m_FxEnabled":true},"in2DMode":false,"pivot":{"x":-14.415761947631836,"y":2.0477421283721926,"z":-27.198745727539064},"rotation":{"x":-0.23125691711902619,"y":0.08654787391424179,"z":-0.020666126161813737,"w":-0.9688453078269959},"size":3.047785997390747,"orthographic":false}