{"cameraMode":{"drawMode":0,"name":"Shaded","section":"Shading Mode"},"sceneLighting":true,"audioPlay":false,"sceneViewState":{"m_AlwaysRefresh":false,"showFog":true,"showSkybox":true,"showFlares":true,"showImageEffects":true,"showParticleSystems":true,"showVisualEffectGraphs":true,"m_FxEnabled":true},"in2DMode":false,"pivot":{"x":-13.424832344055176,"y":-0.055575452744960788,"z":-23.653499603271486},"rotation":{"x":-0.19541235268115998,"y":0.20769892632961274,"z":-0.04239058494567871,"w":-0.9575620889663696},"size":8.398987770080567,"orthographic":false}