{"cameraMode":{"drawMode":0,"name":"Shaded","section":"Shading Mode"},"sceneLighting":true,"audioPlay":false,"sceneViewState":{"m_AlwaysRefresh":false,"showFog":true,"showSkybox":true,"showFlares":true,"showImageEffects":true,"showParticleSystems":true,"showVisualEffectGraphs":true,"m_FxEnabled":true},"in2DMode":false,"pivot":{"x":-1.6009361743927003,"y":-6.2576189041137699,"z":-60.822200775146487},"rotation":{"x":-0.02251679264008999,"y":-0.9743671417236328,"z":0.11334361135959625,"w":-0.1933462768793106},"size":23.912067413330079,"orthographic":false}