{"cameraMode":{"drawMode":0,"name":"Shaded","section":"Shading Mode"},"sceneLighting":true,"audioPlay":false,"sceneViewState":{"m_AlwaysRefresh":false,"showFog":true,"showSkybox":true,"showFlares":true,"showImageEffects":true,"showParticleSystems":true,"showVisualEffectGraphs":true,"m_FxEnabled":true},"in2DMode":false,"pivot":{"x":-12.302083015441895,"y":2.2766308784484865,"z":-17.55604362487793},"rotation":{"x":-0.027149934321641923,"y":-0.10865691304206848,"z":0.002934887306764722,"w":-0.9937637448310852},"size":11.509228706359864,"orthographic":false}