{"cameraMode":{"drawMode":0,"name":"Shaded","section":"Shading Mode"},"sceneLighting":false,"audioPlay":false,"sceneViewState":{"m_AlwaysRefresh":false,"showFog":true,"showSkybox":false,"showFlares":true,"showImageEffects":true,"showParticleSystems":true,"showVisualEffectGraphs":true,"m_FxEnabled":true},"in2DMode":false,"pivot":{"x":0.0008742958307266235,"y":0.09944827854633331,"z":0.0017100274562835694},"rotation":{"x":0.22749538719654084,"y":-0.3346695899963379,"z":0.08360733836889267,"w":0.9106362462043762},"size":0.19105730950832368,"orthographic":false}